[{"pk": 19, "model": "contenttypes.contenttype", "fields": {"model": "comments", "name": "comments", "app_label": "resources"}}, {"pk": 5, "model": "contenttypes.contenttype", "fields": {"model": "contenttype", "name": "content type", "app_label": "contenttypes"}}, {"pk": 2, "model": "contenttypes.contenttype", "fields": {"model": "group", "name": "group", "app_label": "auth"}}, {"pk": 14, "model": "contenttypes.contenttype", "fields": {"model": "hit", "name": "hit", "app_label": "resources"}}, {"pk": 8, "model": "contenttypes.contenttype", "fields": {"model": "logentry", "name": "log entry", "app_label": "admin"}}, {"pk": 11, "model": "contenttypes.contenttype", "fields": {"model": "subject", "name": "Mat\u00e9ria", "app_label": "resources"}}, {"pk": 4, "model": "contenttypes.contenttype", "fields": {"model": "message", "name": "message", "app_label": "auth"}}, {"pk": 17, "model": "contenttypes.contenttype", "fields": {"model": "subjectrate", "name": "Nota de Mat\u00e9ria", "app_label": "resources"}}, {"pk": 16, "model": "contenttypes.contenttype", "fields": {"model": "professorrate", "name": "Nota de Professor", "app_label": "resources"}}, {"pk": 15, "model": "contenttypes.contenttype", "fields": {"model": "resourcerate", "name": "Nota de Recurso", "app_label": "resources"}}, {"pk": 18, "model": "contenttypes.contenttype", "fields": {"model": "profile", "name": "Perfil", "app_label": "resources"}}, {"pk": 10, "model": "contenttypes.contenttype", "fields": {"model": "period", "name": "Per\u00edodo", "app_label": "resources"}}, {"pk": 1, "model": "contenttypes.contenttype", "fields": {"model": "permission", "name": "permission", "app_label": "auth"}}, {"pk": 12, "model": "contenttypes.contenttype", "fields": {"model": "professor", "name": "Professores", "app_label": "resources"}}, {"pk": 13, "model": "contenttypes.contenttype", "fields": {"model": "resource", "name": "Recurso", "app_label": "resources"}}, {"pk": 9, "model": "contenttypes.contenttype", "fields": {"model": "registrationprofile", "name": "registration profile", "app_label": "registration"}}, {"pk": 6, "model": "contenttypes.contenttype", "fields": {"model": "session", "name": "session", "app_label": "sessions"}}, {"pk": 7, "model": "contenttypes.contenttype", "fields": {"model": "site", "name": "site", "app_label": "sites"}}, {"pk": 20, "model": "contenttypes.contenttype", "fields": {"model": "source", "name": "source", "app_label": "easy_thumbnails"}}, {"pk": 21, "model": "contenttypes.contenttype", "fields": {"model": "thumbnail", "name": "thumbnail", "app_label": "easy_thumbnails"}}, {"pk": 3, "model": "contenttypes.contenttype", "fields": {"model": "user", "name": "user", "app_label": "auth"}}, {"pk": "4ac7f08dabe0f8a5365681bf4d3f11cf", "model": "sessions.session", "fields": {"expire_date": "2011-01-11 13:10:08", "session_data": "gAJ9cQEoVQp0ZXN0Y29va2llcQJVBndvcmtlZHEDVQ1fYXV0aF91c2VyX2lkcQSKAQNVEl9hdXRo\nX3VzZXJfYmFja2VuZHEFVSlkamFuZ28uY29udHJpYi5hdXRoLmJhY2tlbmRzLk1vZGVsQmFja2Vu\nZHEGdS4xZjg2NGFiNGE5YWZhODQyY2Q3NTkyYmIwNjc1MTE5Mg==\n"}}, {"pk": "757fd2e9cbdcf434da8079d8337fa501", "model": "sessions.session", "fields": {"expire_date": "2011-01-13 02:38:50", "session_data": "gAJ9cQEoVRJfYXV0aF91c2VyX2JhY2tlbmRxAlUpZGphbmdvLmNvbnRyaWIuYXV0aC5iYWNrZW5k\ncy5Nb2RlbEJhY2tlbmRxA1UNX2F1dGhfdXNlcl9pZHEEigEBdS40OGE1YjhjYTBiNGRmYzgzZTg3\nYWQxNDVmOTgyNDc3Ng==\n"}}, {"pk": "60bb7f0923b069a71749870c11dd2c7e", "model": "sessions.session", "fields": {"expire_date": "2011-01-13 18:08:20", "session_data": "gAJ9cQFVCnRlc3Rjb29raWVxAlUGd29ya2VkcQNzLjJiZmY0ZTgzMmNkM2M0ODI3OTMxNDY0OWRm\nMTIyZTA3\n"}}, {"pk": 1, "model": "sites.site", "fields": {"domain": "example.com", "name": "example.com"}}, {"pk": 28, "model": "admin.logentry", "fields": {"action_flag": 1, "action_time": "2010-12-26 23:34:49", "object_repr": "administrador deu nota 5 para Algoritmos e Programa\u00e7\u00e3o", "object_id": "3", "change_message": "", "user": 1, "content_type": 17}}, {"pk": 27, "model": "admin.logentry", "fields": {"action_flag": 1, "action_time": "2010-12-26 23:34:26", "object_repr": "BatMaN deu nota 5 para F\u00edsica I", "object_id": "2", "change_message": "", "user": 1, "content_type": 17}}, {"pk": 26, "model": "admin.logentry", "fields": {"action_flag": 1, "action_time": "2010-12-26 23:34:06", "object_repr": "coringa deu nota 4 para Circuitos L\u00f3gicos", "object_id": "1", "change_message": "", "user": 1, "content_type": 17}}, {"pk": 25, "model": "admin.logentry", "fields": {"action_flag": 1, "action_time": "2010-12-26 23:15:49", "object_repr": "N\u00e3o informado", "object_id": "2", "change_message": "", "user": 1, "content_type": 10}}, {"pk": 24, "model": "admin.logentry", "fields": {"action_flag": 1, "action_time": "2010-12-26 23:15:43", "object_repr": "2007", "object_id": "1", "change_message": "", "user": 1, "content_type": 10}}, {"pk": 23, "model": "admin.logentry", "fields": {"action_flag": 1, "action_time": "2010-12-26 23:10:08", "object_repr": "Marta Mattoso", "object_id": "2", "change_message": "", "user": 1, "content_type": 12}}, {"pk": 22, "model": "admin.logentry", "fields": {"action_flag": 1, "action_time": "2010-12-26 23:09:39", "object_repr": "Claudio Esperan\u00e7a", "object_id": "1", "change_message": "", "user": 1, "content_type": 12}}, {"pk": 21, "model": "admin.logentry", "fields": {"action_flag": 2, "action_time": "2010-12-26 23:08:18", "object_repr": "Arquitetura de Computadores", "object_id": "13", "change_message": "Modificado period.", "user": 1, "content_type": 11}}, {"pk": 20, "model": "admin.logentry", "fields": {"action_flag": 1, "action_time": "2010-12-26 23:07:58", "object_repr": "F\u00edsica Experimental III", "object_id": "18", "change_message": "", "user": 1, "content_type": 11}}, {"pk": 19, "model": "admin.logentry", "fields": {"action_flag": 1, "action_time": "2010-12-26 23:07:23", "object_repr": "C\u00e1lculo III", "object_id": "17", "change_message": "", "user": 1, "content_type": 11}}, {"pk": 18, "model": "admin.logentry", "fields": {"action_flag": 1, "action_time": "2010-12-26 23:07:12", "object_repr": "F\u00edsica III", "object_id": "16", "change_message": "", "user": 1, "content_type": 11}}, {"pk": 17, "model": "admin.logentry", "fields": {"action_flag": 1, "action_time": "2010-12-26 23:06:56", "object_repr": "Teoria da Computa\u00e7\u00e3o", "object_id": "15", "change_message": "", "user": 1, "content_type": 11}}, {"pk": 16, "model": "admin.logentry", "fields": {"action_flag": 1, "action_time": "2010-12-26 23:06:36", "object_repr": "Algoritmos e Estrutura de Dados", "object_id": "14", "change_message": "", "user": 1, "content_type": 11}}, {"pk": 15, "model": "admin.logentry", "fields": {"action_flag": 1, "action_time": "2010-12-26 23:06:18", "object_repr": "Arquitetura de Computadores", "object_id": "13", "change_message": "", "user": 1, "content_type": 11}}, {"pk": 14, "model": "admin.logentry", "fields": {"action_flag": 1, "action_time": "2010-12-26 23:06:02", "object_repr": "F\u00edsica Experimental II", "object_id": "12", "change_message": "", "user": 1, "content_type": 11}}, {"pk": 13, "model": "admin.logentry", "fields": {"action_flag": 1, "action_time": "2010-12-26 23:05:47", "object_repr": "F\u00edsica II", "object_id": "11", "change_message": "", "user": 1, "content_type": 11}}, {"pk": 12, "model": "admin.logentry", "fields": {"action_flag": 1, "action_time": "2010-12-26 23:05:35", "object_repr": "C\u00e1lculo II", "object_id": "10", "change_message": "", "user": 1, "content_type": 11}}, {"pk": 11, "model": "admin.logentry", "fields": {"action_flag": 1, "action_time": "2010-12-26 23:05:24", "object_repr": "Sistemas Digitais", "object_id": "9", "change_message": "", "user": 1, "content_type": 11}}, {"pk": 10, "model": "admin.logentry", "fields": {"action_flag": 1, "action_time": "2010-12-26 23:05:10", "object_repr": "Algebra Linear II", "object_id": "8", "change_message": "", "user": 1, "content_type": 11}}, {"pk": 9, "model": "admin.logentry", "fields": {"action_flag": 1, "action_time": "2010-12-26 23:04:54", "object_repr": "Linguagens de Program\u00e7\u00e3o", "object_id": "7", "change_message": "", "user": 1, "content_type": 11}}, {"pk": 8, "model": "admin.logentry", "fields": {"action_flag": 1, "action_time": "2010-12-26 23:04:11", "object_repr": "Introdu\u00e7\u00e3o a ECI", "object_id": "6", "change_message": "", "user": 1, "content_type": 11}}, {"pk": 7, "model": "admin.logentry", "fields": {"action_flag": 1, "action_time": "2010-12-26 23:03:32", "object_repr": "F\u00edsica Experimental I", "object_id": "5", "change_message": "", "user": 1, "content_type": 11}}, {"pk": 6, "model": "admin.logentry", "fields": {"action_flag": 1, "action_time": "2010-12-26 23:03:16", "object_repr": "Algoritmos e Programa\u00e7\u00e3o", "object_id": "4", "change_message": "", "user": 1, "content_type": 11}}, {"pk": 5, "model": "admin.logentry", "fields": {"action_flag": 1, "action_time": "2010-12-26 23:00:31", "object_repr": "F\u00edsica I", "object_id": "3", "change_message": "", "user": 1, "content_type": 11}}, {"pk": 4, "model": "admin.logentry", "fields": {"action_flag": 1, "action_time": "2010-12-26 23:00:09", "object_repr": "C\u00e1lculo I", "object_id": "2", "change_message": "", "user": 1, "content_type": 11}}, {"pk": 3, "model": "admin.logentry", "fields": {"action_flag": 1, "action_time": "2010-12-26 22:59:44", "object_repr": "Circuitos L\u00f3gicos", "object_id": "1", "change_message": "", "user": 1, "content_type": 11}}, {"pk": 2, "model": "admin.logentry", "fields": {"action_flag": 2, "action_time": "2010-12-26 22:54:02", "object_repr": "BatMaN", "object_id": "3", "change_message": "Modificado is_active.", "user": 1, "content_type": 3}}, {"pk": 1, "model": "admin.logentry", "fields": {"action_flag": 2, "action_time": "2010-12-26 22:43:54", "object_repr": "coringa", "object_id": "2", "change_message": "Modificado is_active.", "user": 1, "content_type": 3}}, {"pk": 1, "model": "registration.registrationprofile", "fields": {"activation_key": "23d731088fcb95daac6a2d5b80679a1b3a69689d", "user": 2}}, {"pk": 2, "model": "registration.registrationprofile", "fields": {"activation_key": "82a53ee00afddf614390ad5bf18695d744647904", "user": 3}}, {"pk": 3, "model": "registration.registrationprofile", "fields": {"activation_key": "cf0c688a088d5dad29133ddb130c8d5cede9983c", "user": 4}}, {"pk": 4, "model": "registration.registrationprofile", "fields": {"activation_key": "5475f369a54b871410ad1edc671f6d6f7b2b0239", "user": 5}}, {"pk": 1, "model": "resources.period", "fields": {"title": "2007"}}, {"pk": 2, "model": "resources.period", "fields": {"title": "N\u00e3o informado"}}, {"pk": 8, "model": "resources.subject", "fields": {"info": "", "name": "Algebra Linear II", "created": "2010-12-26 23:05:10", "deleted": false, "period": 2, "collaborator": null, "type": "o", "slug": "algebra-linear-ii"}}, {"pk": 14, "model": "resources.subject", "fields": {"info": "", "name": "Algoritmos e Estrutura de Dados", "created": "2010-12-26 23:06:36", "deleted": false, "period": 3, "collaborator": null, "type": "o", "slug": "algoritmos-e-estrutura-de-dados"}}, {"pk": 4, "model": "resources.subject", "fields": {"info": "", "name": "Algoritmos e Programa\u00e7\u00e3o", "created": "2010-12-26 23:03:16", "deleted": false, "period": 1, "collaborator": null, "type": "o", "slug": "algoritmos-e-programacao"}}, {"pk": 13, "model": "resources.subject", "fields": {"info": "", "name": "Arquitetura de Computadores", "created": "2010-12-26 23:06:18", "deleted": false, "period": 3, "collaborator": null, "type": "o", "slug": "arquitetura-de-computadores"}}, {"pk": 2, "model": "resources.subject", "fields": {"info": "", "name": "C\u00e1lculo I", "created": "2010-12-26 23:00:09", "deleted": false, "period": 1, "collaborator": null, "type": "o", "slug": "calculo-i"}}, {"pk": 10, "model": "resources.subject", "fields": {"info": "", "name": "C\u00e1lculo II", "created": "2010-12-26 23:05:35", "deleted": false, "period": 2, "collaborator": null, "type": "o", "slug": "calculo-ii"}}, {"pk": 17, "model": "resources.subject", "fields": {"info": "", "name": "C\u00e1lculo III", "created": "2010-12-26 23:07:23", "deleted": false, "period": 3, "collaborator": null, "type": "o", "slug": "calculo-iii"}}, {"pk": 1, "model": "resources.subject", "fields": {"info": "", "name": "Circuitos L\u00f3gicos", "created": "2010-12-26 22:59:44", "deleted": false, "period": 1, "collaborator": null, "type": "o", "slug": "circuitos-logicos"}}, {"pk": 5, "model": "resources.subject", "fields": {"info": "", "name": "F\u00edsica Experimental I", "created": "2010-12-26 23:03:32", "deleted": false, "period": 1, "collaborator": null, "type": "o", "slug": "fisica-experimental-i"}}, {"pk": 12, "model": "resources.subject", "fields": {"info": "", "name": "F\u00edsica Experimental II", "created": "2010-12-26 23:06:02", "deleted": false, "period": 2, "collaborator": null, "type": "o", "slug": "fisica-experimental-ii"}}, {"pk": 18, "model": "resources.subject", "fields": {"info": "", "name": "F\u00edsica Experimental III", "created": "2010-12-26 23:07:58", "deleted": false, "period": 3, "collaborator": null, "type": "o", "slug": "fisica-experimental-iii"}}, {"pk": 3, "model": "resources.subject", "fields": {"info": "", "name": "F\u00edsica I", "created": "2010-12-26 23:00:31", "deleted": false, "period": 1, "collaborator": null, "type": "o", "slug": "fisica-i"}}, {"pk": 11, "model": "resources.subject", "fields": {"info": "", "name": "F\u00edsica II", "created": "2010-12-26 23:05:47", "deleted": false, "period": 2, "collaborator": null, "type": "o", "slug": "fisica-ii"}}, {"pk": 16, "model": "resources.subject", "fields": {"info": "", "name": "F\u00edsica III", "created": "2010-12-26 23:07:12", "deleted": false, "period": 3, "collaborator": null, "type": "o", "slug": "fisica-iii"}}, {"pk": 6, "model": "resources.subject", "fields": {"info": "", "name": "Introdu\u00e7\u00e3o a ECI", "created": "2010-12-26 23:04:11", "deleted": false, "period": 1, "collaborator": null, "type": "o", "slug": "introducao-a-eci"}}, {"pk": 7, "model": "resources.subject", "fields": {"info": "", "name": "Linguagens de Program\u00e7\u00e3o", "created": "2010-12-26 23:04:54", "deleted": false, "period": 2, "collaborator": null, "type": "o", "slug": "linguagens-de-programcao"}}, {"pk": 9, "model": "resources.subject", "fields": {"info": "", "name": "Sistemas Digitais", "created": "2010-12-26 23:05:24", "deleted": false, "period": 2, "collaborator": null, "type": "o", "slug": "sistemas-digitais"}}, {"pk": 15, "model": "resources.subject", "fields": {"info": "", "name": "Teoria da Computa\u00e7\u00e3o", "created": "2010-12-26 23:06:56", "deleted": false, "period": 3, "collaborator": null, "type": "o", "slug": "teoria-da-computacao"}}, {"pk": 1, "model": "resources.professor", "fields": {"info": "Site: http://www.lcg.ufrj.br/Members/esperanc", "name": "Claudio Esperan\u00e7a", "created": "2010-12-26 23:09:39", "deleted": false, "professor_subjects": [4], "collaborator": null, "slug": "claudio-esperanca"}}, {"pk": 2, "model": "resources.professor", "fields": {"info": "", "name": "Marta Mattoso", "created": "2010-12-26 23:10:08", "deleted": false, "professor_subjects": [6], "collaborator": null, "slug": "marta-mattoso"}}, {"pk": 1, "model": "resources.resource", "fields": {"info": "Gabarito disponiblizado no meu perfil.", "title": "PF Algoritmos e Programa\u00e7\u00e3o 2007 com gab", "deleted": false, "professor": null, "created": "2010-12-26 23:17:29", "l_period": 1, "file": "2010-12/ProvaFinal_ALG-PROG_2007.pdf", "collaborator": 1, "slug": "pf-algoritmos-e-programacao-2007-com-gab", "subject": 4}}, {"pk": 2, "model": "resources.resource", "fields": {"info": "Produto du bom", "title": "GABARITO PF Algoritmos  Programa\u00e7\u00e3o 2007", "deleted": false, "professor": null, "created": "2010-12-26 23:19:55", "l_period": 1, "file": "2010-12/ProvaFinal_ALG-PROG_2007_GABARITO.pdf", "collaborator": 1, "slug": "gabarito-pf-algoritmos-programacao-2007", "subject": 4}}, {"pk": 3, "model": "resources.resource", "fields": {"info": "Bons tempos de F\u00edsica n\u00e3o unificada...", "title": "Prova 1 de F\u00edsica do Vitor Brasil", "deleted": false, "professor": null, "created": "2010-12-26 23:22:00", "l_period": 2, "file": "2010-12/Quest\u00f5es_-_Primeira_Prova.pdf", "collaborator": 2, "slug": "prova-1-de-fisica-do-vitor-brasil", "subject": 3}}, {"pk": 4, "model": "resources.resource", "fields": {"info": "For those who are in a hurry, copy and paste the above code at the top of your forms.py file.\r\n\r\nNow for the explanation. When a BoundField is created, it gets its label from the field. If we can somehow hook into the __init__ method of BoundField and change the label, we an get our desired result. In this code snippet,\r\n\r\n    * save the BoundField.__init__ method in __init__temp__ and replace it with my own implementation (__my__init__).\r\n    * In __my__init__, call the old __init__ method (saved in __init__temp__)\r\n    * append \u2018*\u2019 to the BoundField.label if field is required.\r\n\r\nThis way, you dont have to change anything in your templates and yet mark all required fields as \u2018*\u2019. I am not sure if this is an smart hack or an ugly hack? Writing an inclusion template seems the right approach in long-term. But if you are looking for a quick solution, this serves the purpose.", "title": "Lady Gaga", "deleted": false, "professor": null, "created": "2010-12-30 04:16:31", "l_period": 1, "file": "2010-12/batman.jpg", "collaborator": 1, "slug": "lady-gaga", "subject": 4}}, {"pk": 5, "model": "resources.resource", "fields": {"info": "adasdas", "title": "Prova 2 antiga", "deleted": false, "professor": null, "created": "2010-12-30 16:06:07", "l_period": 1, "file": "2010-12/chefe-do-homer-assustador-bd76b_1.jpg", "collaborator": 1, "slug": "prova-2-antiga", "subject": 4}}, {"pk": 6, "model": "resources.resource", "fields": {"info": "dfsedfd", "title": "Termos de Uso", "deleted": false, "professor": 2, "created": "2010-12-30 16:11:00", "l_period": 1, "file": "2010-12/starcraftbg.jpg", "collaborator": 1, "slug": "termos-de-uso", "subject": 6}}, {"pk": 1, "model": "resources.hit", "fields": {"date": "2010-12-26 23:24:02", "resource": 3, "user": 3}}, {"pk": 2, "model": "resources.hit", "fields": {"date": "2010-12-30 18:05:09", "resource": 1, "user": 1}}, {"pk": 3, "model": "resources.hit", "fields": {"date": "2010-12-30 18:05:39", "resource": 5, "user": 1}}, {"pk": 4, "model": "resources.resourcerate", "fields": {"rate": 1, "resource": 3, "user": 3}}, {"pk": 2, "model": "resources.resourcerate", "fields": {"rate": 2, "resource": 2, "user": 1}}, {"pk": 3, "model": "resources.resourcerate", "fields": {"rate": 3, "resource": 3, "user": 2}}, {"pk": 1, "model": "resources.resourcerate", "fields": {"rate": 5, "resource": 1, "user": 1}}, {"pk": 5, "model": "resources.resourcerate", "fields": {"rate": 5, "resource": 2, "user": 3}}, {"pk": 2, "model": "resources.professorrate", "fields": {"rate": 3, "professor": 2, "user": 3}}, {"pk": 1, "model": "resources.professorrate", "fields": {"rate": 5, "professor": 1, "user": 3}}, {"pk": 4, "model": "resources.subjectrate", "fields": {"rate": 1, "user": 3, "subject": 4}}, {"pk": 7, "model": "resources.subjectrate", "fields": {"rate": 1, "user": 3, "subject": 8}}, {"pk": 6, "model": "resources.subjectrate", "fields": {"rate": 3, "user": 3, "subject": 7}}, {"pk": 1, "model": "resources.subjectrate", "fields": {"rate": 4, "user": 2, "subject": 1}}, {"pk": 2, "model": "resources.subjectrate", "fields": {"rate": 5, "user": 3, "subject": 3}}, {"pk": 3, "model": "resources.subjectrate", "fields": {"rate": 5, "user": 1, "subject": 4}}, {"pk": 5, "model": "resources.subjectrate", "fields": {"rate": 5, "user": 3, "subject": 6}}, {"pk": 1, "model": "resources.profile", "fields": {"url": null, "year": 7, "user": 1, "avatar": "", "nome": ""}}, {"pk": 2, "model": "resources.profile", "fields": {"url": "http://www.coringa.com.br", "year": 7, "user": 2, "avatar": "images/avatars/joker.jpg", "nome": "Coringa"}}, {"pk": 3, "model": "resources.profile", "fields": {"url": "", "year": 7, "user": 3, "avatar": "images/avatars/batman.jpg", "nome": "Batman"}}, {"pk": 4, "model": "resources.profile", "fields": {"url": null, "year": 7, "user": 4, "avatar": "", "nome": ""}}, {"pk": 5, "model": "resources.profile", "fields": {"url": null, "year": 7, "user": 5, "avatar": "", "nome": ""}}, {"pk": 1, "model": "resources.comments", "fields": {"comment": "FIRST", "resource": 3, "author": 2, "professor": null, "date_comment": "2010-12-26 23:23:27", "subject": null}}, {"pk": 2, "model": "resources.comments", "fields": {"comment": "\u00ac\u00ac", "resource": 3, "author": 3, "professor": null, "date_comment": "2010-12-26 23:27:15", "subject": null}}, {"pk": 3, "model": "resources.comments", "fields": {"comment": "Adora Python", "resource": null, "author": 2, "professor": 1, "date_comment": "2010-12-26 23:41:57", "subject": null}}, {"pk": 1, "model": "easy_thumbnails.source", "fields": {"name": "images/avatars/joker.jpg", "storage_hash": "df2a8819fc7f348e9715cca951e8e5df", "modified": "2010-12-26 22:45:49"}}, {"pk": 2, "model": "easy_thumbnails.source", "fields": {"name": "images/avatars/batman.jpg", "storage_hash": "df2a8819fc7f348e9715cca951e8e5df", "modified": "2010-12-26 22:55:03"}}, {"pk": 1, "model": "easy_thumbnails.thumbnail", "fields": {"source": 1, "name": "images/avatars\\joker.jpg.80x80_q85_crop.jpg", "storage_hash": "d26becbf46ac48eda79c7a39a13a02dd", "modified": "2010-12-26 22:45:56"}}, {"pk": 2, "model": "easy_thumbnails.thumbnail", "fields": {"source": 2, "name": "images/avatars\\batman.jpg.80x80_q85_crop.jpg", "storage_hash": "d26becbf46ac48eda79c7a39a13a02dd", "modified": "2010-12-26 22:55:04"}}, {"pk": 22, "model": "auth.permission", "fields": {"codename": "add_logentry", "name": "Can add log entry", "content_type": 8}}, {"pk": 23, "model": "auth.permission", "fields": {"codename": "change_logentry", "name": "Can change log entry", "content_type": 8}}, {"pk": 24, "model": "auth.permission", "fields": {"codename": "delete_logentry", "name": "Can delete log entry", "content_type": 8}}, {"pk": 4, "model": "auth.permission", "fields": {"codename": "add_group", "name": "Can add group", "content_type": 2}}, {"pk": 5, "model": "auth.permission", "fields": {"codename": "change_group", "name": "Can change group", "content_type": 2}}, {"pk": 6, "model": "auth.permission", "fields": {"codename": "delete_group", "name": "Can delete group", "content_type": 2}}, {"pk": 10, "model": "auth.permission", "fields": {"codename": "add_message", "name": "Can add message", "content_type": 4}}, {"pk": 11, "model": "auth.permission", "fields": {"codename": "change_message", "name": "Can change message", "content_type": 4}}, {"pk": 12, "model": "auth.permission", "fields": {"codename": "delete_message", "name": "Can delete message", "content_type": 4}}, {"pk": 1, "model": "auth.permission", "fields": {"codename": "add_permission", "name": "Can add permission", "content_type": 1}}, {"pk": 2, "model": "auth.permission", "fields": {"codename": "change_permission", "name": "Can change permission", "content_type": 1}}, {"pk": 3, "model": "auth.permission", "fields": {"codename": "delete_permission", "name": "Can delete permission", "content_type": 1}}, {"pk": 7, "model": "auth.permission", "fields": {"codename": "add_user", "name": "Can add user", "content_type": 3}}, {"pk": 8, "model": "auth.permission", "fields": {"codename": "change_user", "name": "Can change user", "content_type": 3}}, {"pk": 9, "model": "auth.permission", "fields": {"codename": "delete_user", "name": "Can delete user", "content_type": 3}}, {"pk": 13, "model": "auth.permission", "fields": {"codename": "add_contenttype", "name": "Can add content type", "content_type": 5}}, {"pk": 14, "model": "auth.permission", "fields": {"codename": "change_contenttype", "name": "Can change content type", "content_type": 5}}, {"pk": 15, "model": "auth.permission", "fields": {"codename": "delete_contenttype", "name": "Can delete content type", "content_type": 5}}, {"pk": 58, "model": "auth.permission", "fields": {"codename": "add_source", "name": "Can add source", "content_type": 20}}, {"pk": 59, "model": "auth.permission", "fields": {"codename": "change_source", "name": "Can change source", "content_type": 20}}, {"pk": 60, "model": "auth.permission", "fields": {"codename": "delete_source", "name": "Can delete source", "content_type": 20}}, {"pk": 61, "model": "auth.permission", "fields": {"codename": "add_thumbnail", "name": "Can add thumbnail", "content_type": 21}}, {"pk": 62, "model": "auth.permission", "fields": {"codename": "change_thumbnail", "name": "Can change thumbnail", "content_type": 21}}, {"pk": 63, "model": "auth.permission", "fields": {"codename": "delete_thumbnail", "name": "Can delete thumbnail", "content_type": 21}}, {"pk": 25, "model": "auth.permission", "fields": {"codename": "add_registrationprofile", "name": "Can add registration profile", "content_type": 9}}, {"pk": 26, "model": "auth.permission", "fields": {"codename": "change_registrationprofile", "name": "Can change registration profile", "content_type": 9}}, {"pk": 27, "model": "auth.permission", "fields": {"codename": "delete_registrationprofile", "name": "Can delete registration profile", "content_type": 9}}, {"pk": 55, "model": "auth.permission", "fields": {"codename": "add_comments", "name": "Can add comments", "content_type": 19}}, {"pk": 56, "model": "auth.permission", "fields": {"codename": "change_comments", "name": "Can change comments", "content_type": 19}}, {"pk": 57, "model": "auth.permission", "fields": {"codename": "delete_comments", "name": "Can delete comments", "content_type": 19}}, {"pk": 40, "model": "auth.permission", "fields": {"codename": "add_hit", "name": "Can add hit", "content_type": 14}}, {"pk": 41, "model": "auth.permission", "fields": {"codename": "change_hit", "name": "Can change hit", "content_type": 14}}, {"pk": 42, "model": "auth.permission", "fields": {"codename": "delete_hit", "name": "Can delete hit", "content_type": 14}}, {"pk": 28, "model": "auth.permission", "fields": {"codename": "add_period", "name": "Can add Per\u00edodo", "content_type": 10}}, {"pk": 29, "model": "auth.permission", "fields": {"codename": "change_period", "name": "Can change Per\u00edodo", "content_type": 10}}, {"pk": 30, "model": "auth.permission", "fields": {"codename": "delete_period", "name": "Can delete Per\u00edodo", "content_type": 10}}, {"pk": 34, "model": "auth.permission", "fields": {"codename": "add_professor", "name": "Can add Professores", "content_type": 12}}, {"pk": 35, "model": "auth.permission", "fields": {"codename": "change_professor", "name": "Can change Professores", "content_type": 12}}, {"pk": 36, "model": "auth.permission", "fields": {"codename": "delete_professor", "name": "Can delete Professores", "content_type": 12}}, {"pk": 46, "model": "auth.permission", "fields": {"codename": "add_professorrate", "name": "Can add Nota de Professor", "content_type": 16}}, {"pk": 47, "model": "auth.permission", "fields": {"codename": "change_professorrate", "name": "Can change Nota de Professor", "content_type": 16}}, {"pk": 48, "model": "auth.permission", "fields": {"codename": "delete_professorrate", "name": "Can delete Nota de Professor", "content_type": 16}}, {"pk": 52, "model": "auth.permission", "fields": {"codename": "add_profile", "name": "Can add Perfil", "content_type": 18}}, {"pk": 53, "model": "auth.permission", "fields": {"codename": "change_profile", "name": "Can change Perfil", "content_type": 18}}, {"pk": 54, "model": "auth.permission", "fields": {"codename": "delete_profile", "name": "Can delete Perfil", "content_type": 18}}, {"pk": 37, "model": "auth.permission", "fields": {"codename": "add_resource", "name": "Can add Recurso", "content_type": 13}}, {"pk": 38, "model": "auth.permission", "fields": {"codename": "change_resource", "name": "Can change Recurso", "content_type": 13}}, {"pk": 39, "model": "auth.permission", "fields": {"codename": "delete_resource", "name": "Can delete Recurso", "content_type": 13}}, {"pk": 43, "model": "auth.permission", "fields": {"codename": "add_resourcerate", "name": "Can add Nota de Recurso", "content_type": 15}}, {"pk": 44, "model": "auth.permission", "fields": {"codename": "change_resourcerate", "name": "Can change Nota de Recurso", "content_type": 15}}, {"pk": 45, "model": "auth.permission", "fields": {"codename": "delete_resourcerate", "name": "Can delete Nota de Recurso", "content_type": 15}}, {"pk": 31, "model": "auth.permission", "fields": {"codename": "add_subject", "name": "Can add Mat\u00e9ria", "content_type": 11}}, {"pk": 32, "model": "auth.permission", "fields": {"codename": "change_subject", "name": "Can change Mat\u00e9ria", "content_type": 11}}, {"pk": 33, "model": "auth.permission", "fields": {"codename": "delete_subject", "name": "Can delete Mat\u00e9ria", "content_type": 11}}, {"pk": 49, "model": "auth.permission", "fields": {"codename": "add_subjectrate", "name": "Can add Nota de Mat\u00e9ria", "content_type": 17}}, {"pk": 50, "model": "auth.permission", "fields": {"codename": "change_subjectrate", "name": "Can change Nota de Mat\u00e9ria", "content_type": 17}}, {"pk": 51, "model": "auth.permission", "fields": {"codename": "delete_subjectrate", "name": "Can delete Nota de Mat\u00e9ria", "content_type": 17}}, {"pk": 16, "model": "auth.permission", "fields": {"codename": "add_session", "name": "Can add session", "content_type": 6}}, {"pk": 17, "model": "auth.permission", "fields": {"codename": "change_session", "name": "Can change session", "content_type": 6}}, {"pk": 18, "model": "auth.permission", "fields": {"codename": "delete_session", "name": "Can delete session", "content_type": 6}}, {"pk": 19, "model": "auth.permission", "fields": {"codename": "add_site", "name": "Can add site", "content_type": 7}}, {"pk": 20, "model": "auth.permission", "fields": {"codename": "change_site", "name": "Can change site", "content_type": 7}}, {"pk": 21, "model": "auth.permission", "fields": {"codename": "delete_site", "name": "Can delete site", "content_type": 7}}, {"pk": 1, "model": "auth.user", "fields": {"username": "administrador", "first_name": "", "last_name": "", "is_active": true, "is_superuser": true, "is_staff": true, "last_login": "2010-12-30 15:30:01", "groups": [], "user_permissions": [], "password": "sha1$0a1df$e5ca720d2f1e9371e6d9c86c6a2e857adb0f171f", "email": "admin@gmail.com", "date_joined": "2010-12-26 22:38:00"}}, {"pk": 2, "model": "auth.user", "fields": {"username": "coringa", "first_name": "", "last_name": "", "is_active": true, "is_superuser": false, "is_staff": false, "last_login": "2010-12-26 23:35:21", "groups": [], "user_permissions": [], "password": "sha1$b855a$aa75cbc939b668c7083e09e609ce55a133f48c70", "email": "coringa@gmail.com", "date_joined": "2010-12-26 22:43:16"}}, {"pk": 3, "model": "auth.user", "fields": {"username": "BatMaN", "first_name": "", "last_name": "", "is_active": true, "is_superuser": false, "is_staff": false, "last_login": "2010-12-27 00:05:06", "groups": [], "user_permissions": [], "password": "sha1$fbe2b$0452945c215985559450bb8f0462ce1c44176de4", "email": "bat@mail.com", "date_joined": "2010-12-26 22:51:48"}}, {"pk": 4, "model": "auth.user", "fields": {"username": "penguim", "first_name": "", "last_name": "", "is_active": true, "is_superuser": false, "is_staff": false, "last_login": "2010-12-26 23:43:35", "groups": [], "user_permissions": [], "password": "sha1$3bab0$ec1a2756b2840672a76eceb448aa124994337738", "email": "penguim@gmail.com", "date_joined": "2010-12-26 23:43:35"}}, {"pk": 5, "model": "auth.user", "fields": {"username": "duas_caras", "first_name": "", "last_name": "", "is_active": true, "is_superuser": false, "is_staff": false, "last_login": "2010-12-28 14:50:43", "groups": [], "user_permissions": [], "password": "sha1$06bf4$afd77e068d71acf52bc926d5ff5920868d4da0c0", "email": "duas_caras@gmail.com", "date_joined": "2010-12-28 14:49:24"}}]
